Video Publish Month,Video title,Content Type,Video type,Comments added,Shares,Likes,Subscribers,Impressions,Clicks,Viewers
March,Laughing Marathon,Stand-Up,Long Video,285,712,1987,402,3612,619,93928
February,Comedy Special,Stand-Up,Long Video,354,820,2346,514,4129,754,168771
April,Hilarious Skits,Skits,Long Video,421,962,2765,638,4911,912,162156
June,Prank Wars,Pranks,Long Video,289,774,2054,496,3745,698,94532
May,Stand-Up Comedy Night,Stand-Up,Long Video,332,825,2279,562,4078,767,161242
July,Comedy Marathon,Stand-Up,Long Video,285,734,1912,488,3619,649,139990
November,Best of Pranks,Pranks,Long Video,309,815,2147,542,3872,711,91523
August,Comedy Showcase,Stand-Up,Long Video,368,917,2446,612,4295,792,106932
September,Comedy Clips,Stand-Up,Shorts,396,935,2679,655,4612,848,58256
October,Classic Stand-Up,Stand-Up,Long Video,312,799,2245,532,4023,719,167743
January,Funny Moments,Compilation,Shorts,289,732,1985,486,3658,667,74255
December,Comedy Review,Review,Shorts,274,696,1875,461,3510,643,63822
August,Comedy Club,Stand-Up,Long Video,325,789,2123,543,3946,711,167539
July,Comedy Clips Compilation,Compilation,Shorts,371,893,2401,601,4189,762,96482
March,Stand-Up Comedy Clips,Stand-Up,Shorts,299,777,2110,515,3852,689,165014
January,Stand-Up Special,Stand-Up,Long Video,394,871,2485,509,3932,703,153453
April,Classic Roast,Roast,Long Video,361,802,2301,486,3710,688,144329
May,Hidden Camera Pranks,Pranks,Long Video,322,754,2145,442,3287,602,12753
December,Funny Memes Review,Review,Long Video,288,685,1921,413,3182,599,124421
February,Comedy Bloopers,Bloopers,Long Video,298,721,2037,412,3337,608,62847
November,Comedy Roast Battle,Roast,Long Video,313,724,2189,448,3456,632,313429
September,Stand-Up Comedy Clips,Stand-Up,Shorts,299,777,2110,515,3852,689,86014
July,Stand-Up Special,Stand-Up,Long Video,367,802,2331,498,3738,704,85598
June,Classic Roast,Roast,Long Video,305,762,2109,489,3621,674,624031
May,Comedy Showcase,Stand-Up,Long Video,332,825,2279,562,4078,767,761242
March,Comedy Clips Compilation,Compilation,Shorts,312,734,2186,463,3426,631,113476
August,Stand-Up Comedy Clips,Stand-Up,Shorts,347,792,2245,536,3897,725,214789
October,Hidden Camera Pranks,Pranks,Long Video,332,768,2099,459,3375,634,132336
April,Comedy Bloopers,Bloopers,Long Video,288,711,2010,431,3257,609,82976
January,Comedy Roast Battle,Roast,Long Video,356,817,2290,511,3967,719,155432
February,Parody Music Videos,Parody,Long Video,331,758,2103,482,3628,671,340091
December,Funny Moments,Compilation,Shorts,299,722,2039,438,3368,641,135473
September,Comedy Review,Review,Shorts,305,766,2113,457,3259,631,189114
November,Comedy Bloopers,Bloopers,Long Video,309,728,2174,442,3382,616,136792
March,Hidden Camera Pranks,Pranks,Long Video,284,704,1972,421,3210,602,127900
July,Stand-Up Comedy Clips,Stand-Up,Shorts,321,743,2158,459,3431,617,133972
August,Stand-Up Special,Stand-Up,Long Video,375,829,2337,496,3774,710,214685
June,Classic Roast,Roast,Long Video,305,762,2109,489,3621,674,54031
May,Comedy Showcase,Stand-Up,Long Video,332,825,2279,562,4078,767,161241
March,Comedy Clips Compilation,Compilation,Shorts,312,734,2186,463,3426,631,234761
August,Stand-Up Comedy Clips,Stand-Up,Shorts,347,792,2245,536,3897,725,91078
October,Hidden Camera Pranks,Pranks,Long Video,332,768,2099,459,3375,634,187232
April,Comedy Bloopers,Bloopers,Long Video,288,711,2010,431,3257,609,92976
April,Stand-Up Comedy Night,Stand-Up,Long Video,289,774,2054,496,3745,698,135672
June,Comedy Marathon,Stand-Up,Long Video,285,734,1912,488,3619,649,62792
July,Best of Pranks,Pranks,Long Video,309,815,2147,542,3872,711,170245
September,Comedy Clips,Stand-Up,Shorts,396,935,2679,655,4612,848,164812
November,Funny Moments,Compilation,Shorts,289,732,1985,486,3658,667,102334
February,Comedy Roast,Roast,Long Video,361,802,2301,523,3710,688,19756
January,Comedy Special,Stand-Up,Long Video,285,712,1987,402,3612,619,154321
May,Stand-Up Comedy Night,Stand-Up,Long Video,332,825,2279,562,4078,767,112345
October,Classic Stand-Up,Stand-Up,Long Video,312,799,2245,532,4023,719,107812
August,Comedy Showcase,Stand-Up,Long Video,368,917,2446,612,4295,792,93872
December,Comedy Review,Review,Shorts,274,696,1875,461,3510,643,126545
March,Hilarious Skits,Skits,Long Video,421,962,2765,638,4911,912,106202
July,Comedy Clips Compilation,Compilation,Shorts,371,893,2401,601,4189,762,162110
February,Comedy Marathon,Stand-Up,Long Video,354,820,2346,514,4129,754,102556
September,Stand-Up Comedy Clips,Stand-Up,Shorts,299,777,2110,515,3852,689,107332
January,Laughing Marathon,Stand-Up,Long Video,394,871,2485,509,3932,703,191845
March,Comedy Club,Stand-Up,Long Video,325,789,2123,543,3946,711,150069
April,Prank Wars,Pranks,Long Video,289,774,2054,496,3745,698,160372
May,Stand-Up Comedy Night,Stand-Up,Long Video,332,825,2279,562,4078,767,91448
June,Comedy Marathon,Stand-Up,Long Video,285,734,1912,488,3619,649,101289
July,Best of Pranks,Pranks,Long Video,309,815,2147,542,3872,711,187247
August,Comedy Showcase,Stand-Up,Long Video,368,917,2446,612,4295,792,119456
October,Classic Stand-Up,Stand-Up,Long Video,312,799,2245,532,4023,719,184312
November,Funny Moments,Compilation,Shorts,289,732,1985,486,3658,667,15534
December,Comedy Review,Review,Shorts,274,696,1875,461,3510,643,166678
February,Comedy Roast,Roast,Long Video,361,802,2301,523,3710,688,124778
March,Hilarious Skits,Skits,Long Video,421,962,2765,638,4911,912,84896
July,Comedy Clips Compilation,Compilation,Shorts,371,893,2401,601,4189,762,105178
September,Stand-Up Comedy Clips,Stand-Up,Shorts,299,777,2110,515,3852,689,178124
January,Laughing Marathon,Stand-Up,Long Video,394,871,2485,509,3932,703,112345